user_id,first_name,last_name,email,signup_date,origin_city
1,Sunil,Mehra,sunil.mehra1@example.com,2025-04-02,Kolkata
2,Akash,Jain,akash.jain2@example.com,2025-01-08,Delhi
3,Rajesh,Reddy,rajesh.reddy3@example.com,2025-06-20,Hyderabad
4,Divya,Iyer,divya.iyer4@example.com,2025-04-10,Delhi
5,Vivek,Menon,vivek.menon5@example.com,2025-02-02,Hyderabad
6,Rajesh,Kumar,rajesh.kumar6@example.com,2025-04-05,Surat
7,Shruti,Desai,shruti.desai7@example.com,2024-07-30,Mumbai
8,Ritika,Menon,ritika.menon8@example.com,2025-04-19,Ahmedabad
9,Rajesh,Jain,rajesh.jain9@example.com,2024-11-08,Pune
10,Nisha,Desai,nisha.desai10@example.com,2025-01-12,Mumbai
11,Ritika,Desai,ritika.desai11@example.com,2025-05-11,Ahmedabad
12,Sunil,Agarwal,sunil.agarwal12@example.com,2025-05-23,Surat
13,Aditya,Sharma,aditya.sharma13@example.com,2024-11-26,Ahmedabad
14,Rohan,Tiwari,rohan.tiwari14@example.com,2024-11-17,Kolkata
15,Rajesh,Yadav,rajesh.yadav15@example.com,2025-06-03,Hyderabad
16,Aditya,Jain,aditya.jain16@example.com,2024-10-23,Kolkata
17,Neha,Jain,neha.jain17@example.com,2024-12-05,Delhi
18,Kunal,Iyer,kunal.iyer18@example.com,2025-01-25,Bangalore
19,Shruti,Mehra,shruti.mehra19@example.com,2025-03-31,Hyderabad
20,Sneha,Joshi,sneha.joshi20@example.com,2024-09-17,Delhi
21,Kunal,Reddy,kunal.reddy21@example.com,2025-06-24,Kolkata
22,Vinay,Kumar,vinay.kumar22@example.com,2024-11-08,Ahmedabad
23,Anjali,Saxena,anjali.saxena23@example.com,2024-12-13,Kolkata
24,Kunal,Mehra,kunal.mehra24@example.com,2024-07-28,Mumbai
25,Anjali,Iyer,anjali.iyer25@example.com,2024-11-26,Surat
26,Neha,Reddy,neha.reddy26@example.com,2025-06-26,Chennai
27,Sunil,Shah,sunil.shah27@example.com,2024-11-03,Mumbai
28,Sneha,Verma,sneha.verma28@example.com,2025-04-10,Delhi
29,Divya,Iyer,divya.iyer29@example.com,2025-04-16,Surat
30,Pooja,Joshi,pooja.joshi30@example.com,2024-11-23,Chennai
31,Manish,Verma,manish.verma31@example.com,2024-07-31,Hyderabad
32,Priya,Desai,priya.desai32@example.com,2025-04-07,Hyderabad
33,Rajesh,Nair,rajesh.nair33@example.com,2025-06-28,Kolkata
34,Aditya,Singh,aditya.singh34@example.com,2024-09-02,Chennai
35,Vivek,Rao,vivek.rao35@example.com,2025-03-24,Hyderabad
36,Sneha,Jain,sneha.jain36@example.com,2025-03-24,Chennai
37,Vivek,Patel,vivek.patel37@example.com,2025-01-12,Jaipur
38,Arjun,Menon,arjun.menon38@example.com,2025-04-07,Ahmedabad
39,Arjun,Shah,arjun.shah39@example.com,2024-12-07,Surat
40,Neha,Agarwal,neha.agarwal40@example.com,2025-03-03,Hyderabad
41,Pooja,Nair,pooja.nair41@example.com,2025-06-26,Chennai
42,Vinay,Joshi,vinay.joshi42@example.com,2024-07-27,Surat
43,Kunal,Reddy,kunal.reddy43@example.com,2024-10-03,Kolkata
44,Akash,Yadav,akash.yadav44@example.com,2024-09-20,Chennai
45,Sunil,Reddy,sunil.reddy45@example.com,2024-08-16,Bangalore
46,Priya,Joshi,priya.joshi46@example.com,2024-08-10,Delhi
47,Rohan,Jain,rohan.jain47@example.com,2025-04-26,Pune
48,Priya,Tiwari,priya.tiwari48@example.com,2025-01-11,Pune
49,Aditya,Sharma,aditya.sharma49@example.com,2025-07-08,Mumbai
50,Neha,Menon,neha.menon50@example.com,2025-05-02,Chennai
51,Manish,Singh,manish.singh51@example.com,2024-08-13,Ahmedabad
52,Anjali,Joshi,anjali.joshi52@example.com,2024-11-25,Hyderabad
53,Rohan,Gupta,rohan.gupta53@example.com,2025-02-25,Delhi
54,Kunal,Menon,kunal.menon54@example.com,2024-12-30,Surat
55,Sunil,Reddy,sunil.reddy55@example.com,2025-03-04,Pune
56,Neha,Mehra,neha.mehra56@example.com,2024-08-27,Kolkata
57,Neha,Reddy,neha.reddy57@example.com,2024-11-14,Surat
58,Neha,Reddy,neha.reddy58@example.com,2025-07-07,Kolkata
59,Sneha,Singh,sneha.singh59@example.com,2024-12-05,Ahmedabad
60,Ritika,Gupta,ritika.gupta60@example.com,2025-07-03,Mumbai
61,Rohan,Saxena,rohan.saxena61@example.com,2025-07-18,Jaipur
62,Manish,Nair,manish.nair62@example.com,2024-12-15,Pune
63,Anjali,Reddy,anjali.reddy63@example.com,2024-08-25,Jaipur
64,Pooja,Verma,pooja.verma64@example.com,2025-06-29,Surat
65,Manish,Desai,manish.desai65@example.com,2025-03-17,Hyderabad
66,Ritika,Tiwari,ritika.tiwari66@example.com,2025-06-13,Kolkata
67,Arjun,Mehra,arjun.mehra67@example.com,2025-03-15,Bangalore
68,Kunal,Joshi,kunal.joshi68@example.com,2025-05-17,Surat
69,Meena,Rao,meena.rao69@example.com,2025-04-01,Chennai
70,Pooja,Patel,pooja.patel70@example.com,2024-11-02,Surat
71,Aditya,Yadav,aditya.yadav71@example.com,2024-12-28,Bangalore
72,Vinay,Rao,vinay.rao72@example.com,2024-12-30,Hyderabad
73,Pooja,Iyer,pooja.iyer73@example.com,2024-07-31,Ahmedabad
74,Manish,Menon,manish.menon74@example.com,2024-12-28,Mumbai
75,Akash,Tiwari,akash.tiwari75@example.com,2024-12-29,Kolkata
76,Manish,Saxena,manish.saxena76@example.com,2024-08-19,Delhi
77,Nisha,Nair,nisha.nair77@example.com,2024-12-04,Jaipur
78,Vivek,Tiwari,vivek.tiwari78@example.com,2024-11-26,Hyderabad
79,Priya,Gupta,priya.gupta79@example.com,2025-04-17,Chennai
80,Kunal,Agarwal,kunal.agarwal80@example.com,2025-05-12,Jaipur
81,Rajesh,Menon,rajesh.menon81@example.com,2025-02-27,Surat
82,Rohan,Patel,rohan.patel82@example.com,2024-08-27,Chennai
83,Ritika,Verma,ritika.verma83@example.com,2025-01-24,Delhi
84,Arjun,Nair,arjun.nair84@example.com,2025-07-01,Bangalore
85,Aditya,Shah,aditya.shah85@example.com,2024-09-29,Bangalore
86,Aditya,Jain,aditya.jain86@example.com,2025-04-24,Jaipur
87,Sunil,Reddy,sunil.reddy87@example.com,2025-06-11,Hyderabad
88,Manish,Kumar,manish.kumar88@example.com,2025-07-01,Hyderabad
89,Anjali,Menon,anjali.menon89@example.com,2025-03-02,Chennai
90,Priya,Saxena,priya.saxena90@example.com,2024-10-16,Surat
91,Shruti,Gupta,shruti.gupta91@example.com,2025-06-13,Delhi
92,Divya,Nair,divya.nair92@example.com,2024-12-13,Jaipur
93,Meena,Yadav,meena.yadav93@example.com,2025-07-03,Hyderabad
94,Akash,Iyer,akash.iyer94@example.com,2024-09-04,Hyderabad
95,Neha,Singh,neha.singh95@example.com,2024-09-26,Hyderabad
96,Sunil,Verma,sunil.verma96@example.com,2025-07-01,Jaipur
97,Kunal,Jain,kunal.jain97@example.com,2024-09-10,Chennai
98,Pooja,Joshi,pooja.joshi98@example.com,2024-10-04,Jaipur
99,Shruti,Gupta,shruti.gupta99@example.com,2024-10-06,Jaipur
100,Neha,Patel,neha.patel100@example.com,2024-09-25,Pune
101,,Patel,patel11@example.com,2025-03-15,Delhi
102,Nithin,,amit12@example.com,2025-05-20,Hyderabad
103,,,shubham213@example.com,2025-04-25,Delhi
104,,Naik,naik51@example.com,2025-02-15,Jaipur
105,Pulkit,,pulkit32@example.com,2025-01-20,Hyderabad
106,,,shivank13@example.com,2025-02-25,Pune
107,Neha,Sharma,neha.sharma6@example.com,2025-03-15,Mumbai
108,Nehal,Kapoor,nehal.kapoor7@example.com,2025-05-22,Chennai
109,Nehali,Desai,nehali.desai8@example.com,2025-07-01,Ahmedabad
110,Nehanshi,Joshi,nehanshi.joshi9@example.com,2025-06-10,Pune
111,Neha,Verma,neha.verma10@example.com,2025-04-05,Delhi
112,Neha,Patel,neha.patel12@example.com,2025-03-12,Ahmedabad
113,Akash,Jain,akash.jain13@example.com,2025-04-16,Jaipur
114,Nikita,Sharma-Kapoor,nikita.sk14@example.com,2025-05-25,Mumbai
115,Mihir,Ramesh Patel,mihir.patel15@example.com,2025-06-01,Surat
116,Amit,Trivedi,,2025-06-12,Delhi
117,Sneha,Nair,sneha.nair@example.com,2025-07-01,Chennai
118,Manish,Patel,,2025-05-20,Ahmedabad
